time,trajectory_mean_N10000,trajectory_variance_ddof1,trajectory_std_ddof1,trajectory_variance_se_plugin,mean_se_N10000,mean_se_extrapolated_N5000000,exact_mean,archive_mean_N5000000,variance_batch_a_N5000,variance_batch_b_N5000
0.0,1.0,0.0,0.0,0.0,0.0,0.0,1.0,1.0,0.0,0.0
0.02,0.9696608811550661,0.03841581758015357,0.19599953464269645,0.002716696173902273,0.0019599953464269643,8.765365660387885e-05,0.9703679801504825,0.9703195910598915,0.03839779461339952,0.03844064897922833
0.04,0.9407804375028205,0.07055758179923764,0.26562677161618636,0.0033856316882013926,0.0026562677161618637,0.00011879190359552088,0.941463843325064,0.9414543964707663,0.06982061417420528,0.07130815646538896
0.06,0.9108097218402421,0.10159512968198224,0.31873990914534417,0.00381924926686329,0.0031873990914534417,0.00014254482079821928,0.9132754814379691,0.913287930802713,0.10116101721396227,0.10204950787887858
0.08,0.8841444742769469,0.1283646686571353,0.3582801538700341,0.0041246878270030565,0.003582801538700341,0.00016022775580849612,0.8857908021836061,0.8857339805299621,0.12741537600955447,0.129338884461507
0.1,0.8574021612825649,0.15453823130686226,0.39311350944334417,0.004388549341721825,0.003931135094433442,0.00017580570599776463,0.8589977355654793,0.8589858131701078,0.15432413627217942,0.154778533420227
0.12,0.830826104391224,0.17844741638481393,0.4224303686820041,0.004541060526125621,0.004224303686820041,0.0001889166040266519,0.8328842402472938,0.8327738768549122,0.17714904611716498,0.17978076068437585
0.14,0.8070325624317204,0.19824532901006353,0.44524749186274315,0.004616746581861497,0.004452474918627432,0.00019912073172327564,0.8074383097249733,0.8072616745514446,0.19897320234483637,0.19754750033651505
0.16,0.7833610145931997,0.2165811092899928,0.4653827556861049,0.004648538170091829,0.004653827556861049,0.00020812549545406146,0.7826479783185437,0.7824329990867093,0.21762182126450672,0.21557228371887674
0.18,0.7599515578603588,0.231661821968592,0.4813126031682445,0.0045833009678163785,0.004813126031682445,0.00021524953982231506,0.7585013269830563,0.7582921736002795,0.2315851821693789,0.23176453593555602
0.2,0.7361052159712074,0.24807545332671274,0.4980717351212702,0.0045873242958265215,0.004980717351212702,0.00022274445148048593,0.7349864889379417,0.7348222857466362,0.24701445369945704,0.24916325661812214
0.22,0.7120703080913451,0.2632011056559352,0.513031291107994,0.004577548012515589,0.005130312911079939,0.00022943456830039154,0.7120916551144033,0.7119403836375483,0.26124851450542685,0.26517145465305497
0.24,0.6915180565489475,0.27430541472114955,0.5237417442987999,0.00451724615560081,0.005237417442988,0.0002342244285812859,0.6898050794206582,0.6895888942447143,0.27297437861350843,0.2756589471055582
0.26,0.6698123978797046,0.2870012947845556,0.535725017881894,0.004510392585629932,0.00535725017881894,0.00023958351144624107,0.6681150838250409,0.6680443214073357,0.2852000762778544,0.2888319286670389
0.28,0.6476686581984763,0.2988965083578989,0.546714284025851,0.004489500770452857,0.00546714284025851,0.00024449806067038604,0.6470100632571754,0.6469579799479696,0.29694210888470807,0.3008926201642867
0.3,0.627701534991606,0.30801492335480324,0.5549909218670187,0.004438592437915661,0.005549909218670187,0.00024819948563798566,0.6264784903276082,0.6264279578324006,0.30433468958114335,0.31174942386695076
0.32,0.6089560400613026,0.3145040979134193,0.5608066493127728,0.004359356177964639,0.005608066493127728,0.0002508003580194491,0.6065089198664813,0.6064629949586292,0.31217145703878674,0.3168845266007374
0.34,0.5896815292514508,0.3208450209411663,0.5664318325634307,0.004298225016765181,0.005664318325634306,0.00025331601644632196,0.5870899932819981,0.5870804157736524,0.3172359535694585,0.3245148407004828
0.36,0.5699533314441647,0.32836320511271605,0.5730298466159647,0.004285102064588151,0.005730298466159647,0.000256266738033915,0.5682104427396022,0.568080096364918,0.323267328754767,0.33352241022402807
0.38,0.5502353038630033,0.3333135844901781,0.5773331659364271,0.004205631750654173,0.005773331659364271,0.00025819124093980344,0.5498590951629565,0.5496493612712627,0.3291517975426599,0.3375420144948138
0.4,0.5322043453572541,0.3382421654201596,0.5815859054517738,0.004174711346593234,0.005815859054517738,0.00026009312386918637,0.5320248760579634,0.5317931397787272,0.3311598141032844,0.34538262357282584
0.42,0.515095501498814,0.3412017557191984,0.584124777525486,0.004117365182854666,0.005841247775254859,0.0002612285419777856,0.514696813161222,0.5145060383843247,0.3338862422669611,0.34857388376856663
0.44,0.5031392098234047,0.34053716260552436,0.583555620832774,0.004033542194467207,0.005835556208327741,0.00026097400736683503,0.4978640399144578,0.4975979920811012,0.33251372802493323,0.34861192691386467
0.46,0.48863039034734557,0.3412996197289051,0.5842085413008826,0.003973082530208478,0.005842085413008826,0.0002612660022769534,0.4815157987666029,0.48125802463471434,0.3360527996645742,0.3466049940662879
0.48,0.4744406356559193,0.34306005594625033,0.5857132881762632,0.003992692697370226,0.005857132881762632,0.0002619389455374097,0.4656414443053364,0.46546845492807953,0.33755453041872496,0.34862903685012686
0.5,0.4573151141500799,0.3447555989835288,0.5871589214033359,0.003979205814615572,0.005871589214033359,0.0002625854523706631,0.45023044622001707,0.4500243032903296,0.3404522894831719,0.3491263293266865
0.52,0.44208441812988314,0.3471205168377226,0.5891693447878315,0.004042346187685738,0.005891693447878314,0.00026348454104092053,0.4352723920980641,0.43506563439332274,0.34233767334070714,0.35197141414169897
0.54,0.4282500976665646,0.34897303497279836,0.5907393968348466,0.004081257653333119,0.005907393968348466,0.0002641866896619882,0.4207569900569592,0.4206358831787479,0.3424465924141976,0.3555615327057815
0.56,0.412803772400413,0.3517604073899326,0.5930939279658262,0.004164245932177027,0.0059309392796582615,0.00026523966799479014,0.40667407121413435,0.4064632144981154,0.3447796150155948,0.35879003117095437
0.58,0.3986156082373265,0.35257073579283216,0.5937766716475413,0.0042303821433484325,0.005937766716475413,0.0002655450002514949,0.3930135919971395,0.39280078516494205,0.3460644502611054,0.35913439727988433
0.6,0.38476864360039326,0.3529417026276816,0.5940889686130197,0.004315877506860877,0.005940889686130198,0.00026568466370029023,0.37976563629655113,0.37959403158399985,0.34807726859077004,0.3578761133865567
0.62,0.37087084583237073,0.35349084540771913,0.5945509611528007,0.004394506825550264,0.005945509611528007,0.0002658912730450998,0.36692041746419635,0.3667007108769827,0.34976411454391043,0.35728774956459114
0.64,0.35867118704966067,0.3548143960825838,0.5956629886794913,0.004546678299970211,0.005956629886794913,0.000266388586873606,0.35446828015932896,0.3543383141913379,0.35018672662194045,0.35949768957053635
0.66,0.3465715188258418,0.3557626875822611,0.5964584541963179,0.004762500415388518,0.005964584541963179,0.0002667443298674823,0.34239970204550385,0.3422542856546512,0.3546658332258676,0.3569243703078022
0.68,0.33679948793931336,0.3552611499569184,0.5960378762771024,0.004843106301227952,0.005960378762771024,0.000266556241704042,0.33070529534092785,0.330627593674984,0.3547161084056394,0.35586838491732203
0.7000000000000001,0.32499846734042714,0.35688748982453133,0.5974006108337447,0.005048497052548263,0.005974006108337447,0.0002671656751248301,0.31937580822517786,0.3194479109169104,0.3536612791842202,0.3601486137157033
0.72,0.3136245342643458,0.35850075291551403,0.5987493239374171,0.005261762564678006,0.0059874932393741715,0.00026776883796122134,0.3084021261051999,0.3084853396011882,0.3564674274967195,0.3605705387511987
0.74,0.30399340571291567,0.3573168469295085,0.5977598572416087,0.005414377503588154,0.005977598572416087,0.0002673263350025614,0.29777527274358595,0.2978903047731261,0.35858857457251997,0.35609983310279025
0.76,0.2932021857872488,0.35492391635516074,0.5957549129928856,0.005585688474293441,0.005957549129928856,0.000266429696676313,0.28748641125216545,0.28754566262407416,0.35719817266515314,0.3527025612032264
0.78,0.27992843346523016,0.35687501107729186,0.5973901665388307,0.005903252352469808,0.005973901665388306,0.00026716100429414916,0.2775268449540007,0.27743787937883024,0.36125183519318993,0.3525684639471745
0.7999999999999999,0.2707252127685749,0.3574619020154062,0.5978811771710213,0.0061295169225297035,0.005978811771710214,0.0002673805909243998,0.26788801811690965,0.26783450831805544,0.36327861317714355,0.3517099617903283
0.82,0.2628442428851496,0.35832986269957406,0.598606600948882,0.006411852878471049,0.00598606600948882,0.00026770501030035803,0.25856151656167814,0.25855928801058214,0.3621489018643962,0.35456822047855824
0.84,0.25469052121159563,0.36033771410086,0.6002813624466947,0.006768374836468293,0.006002813624466947,0.00026845398641139976,0.2495390681481786,0.2496421904496215,0.3671651657790149,0.3535359729785648
0.86,0.24844313490912845,0.3608065998372395,0.6006717904456972,0.007019594410121204,0.006006717904456971,0.0002686285911206175,0.24081254314258538,0.24088697585881338,0.36488675710967833,0.3567361174813682
0.88,0.23968383113369437,0.3634096759947807,0.6028347003903978,0.007493697419205151,0.006028347003903978,0.0002695958738537297,0.23237395446896847,0.23245848631872776,0.36375253296686866,0.3630994170005035
0.9,0.2295322858061255,0.3681792988800277,0.6067778002531303,0.008009187362170373,0.006067778002531303,0.0002713592817207577,0.22421545784850816,0.2243349452985197,0.3694279686493453,0.36693881981049414
0.92,0.22075960184480758,0.3689559616240952,0.6074174525185255,0.008357010515203392,0.006074174525185255,0.00027164534291023476,0.21632935182962,0.21654750063605127,0.36950349701530655,0.3684240956200992
0.94,0.21068894447766634,0.3735535672488212,0.61119028726643,0.008835497639270858,0.0061119028726643,0.00027333260590307233,0.20870807771228106,0.2089025876096247,0.3768528663565111,0.3702584814128372
0.96,0.2013325082948915,0.3797398433332881,0.6162303492471691,0.009523940052805496,0.006162303492471691,0.00027558659014302134,0.2013442193698496,0.2013738320698346,0.38097588281425365,0.3784567159387563
0.98,0.1912562660119383,0.38420561402480646,0.6198432172935399,0.010076081003097773,0.006198432172935398,0.00027720231385210565,0.19423050297167632,0.1940891782073564,0.3907892038194899,0.37760848006640707
1.0,0.1817515361069816,0.38994856799291516,0.6244586199204196,0.010673746710657595,0.006244586199204196,0.00027926638465555255,0.18735979660980895,0.18725724005189434,0.3988281207486397,0.38103272918118697
1.02,0.1767318933271334,0.38992757050628524,0.6244418071416145,0.010958397900287107,0.0062444180714161445,0.0002792588657522927,0.18072510983307555,0.18065435425014228,0.4023427322511586,0.37753036168089243
1.04,0.17036051053013226,0.39541533604983187,0.6288205913055264,0.011575445150751196,0.006288205913055264,0.0002812171175621541,0.17431959309182954,0.1742375649923864,0.40106043058378205,0.3898414460175347
1.06,0.16352676836483912,0.3966828602534311,0.6298276432909492,0.011995425643625653,0.0062982764329094915,0.00028166748490141035,0.16813653709662968,0.16814194739922117,0.4000709046050672,0.3933572562585698
1.08,0.15662018857204207,0.40078870669628003,0.6330787523652014,0.01256302680637328,0.006330787523652014,0.0002831214250798692,0.16216937209410753,0.16224150961529782,0.407970817760918,0.3936861684711879
1.1,0.15021312904338632,0.40227481020733125,0.6342513777733015,0.013015134649765938,0.006342513777733015,0.0002836458391048003,0.15641166706325826,0.15645697355722366,0.40149293115091317,0.403129094908173
1.12,0.14310382693708648,0.4055304478138282,0.6368127258573184,0.013649226654613399,0.006368127258573184,0.0002847913087907804,0.1508571288353635,0.15090349477543485,0.41500499598429114,0.3961189773222471
1.1400000000000001,0.1402796526858571,0.41658635027509394,0.6454350085601911,0.01455835850720252,0.00645435008560191,0.0002886473108397492,0.14549960114074756,0.14537698179698255,0.4325079037589655,0.40072732075793915
1.16,0.1368623281033796,0.41926035691116353,0.6475031713522055,0.014998587844715376,0.006475031713522055,0.00028957222135804516,0.1403330635855149,0.14028051227130367,0.42692344347633615,0.41165404841363396
1.18,0.13299103278287966,0.4281377182499955,0.6543223351300149,0.015978415236032373,0.0065432233513001495,0.0002926218441094224,0.13535163056141075,0.13527574287482697,0.4292050285601201,0.4271349569717967
1.2,0.1284454836707856,0.4260792048406222,0.6527474280612848,0.01615309912411429,0.006527474280612848,0.00029191752425663733,0.13054955009190128,0.13053020751031974,0.43239396828277005,0.4198408332521515
1.22,0.12490262832427636,0.42573034740053933,0.6524801509628775,0.016421399405659,0.006524801509628774,0.00029179799430446374,0.12592120261752937,0.12588405107781675,0.4359486443708703,0.41559540087710906
1.24,0.12245148014151004,0.43505895552112556,0.6595899904646261,0.017470864388541615,0.006595899904646261,0.0002949776111914684,0.12146109972359032,0.12138063673508465,0.4546850014329727,0.4155045496130381
1.26,0.11809268052519005,0.45852323100000564,0.6771434345838447,0.019142050722640757,0.006771434345838448,0.0003028277500494318,0.11716388281309509,0.11711222434213711,0.4816089891935688,0.43552883584243307
1.28,0.11603332213620952,0.4617828157734537,0.6795460365372266,0.019572718850205766,0.006795460365372266,0.0003039022263075589,0.11302432172798016,0.11299582491607194,0.48839018333597145,0.435248921825352
1.3,0.11281957921139933,0.4998255052299763,0.7069833839843596,0.022111102277177302,0.007069833839843595,0.0003161725811103728,0.10903731332146416,0.1091248653805601,0.5583520329161796,0.44138193501191286
1.32,0.11083338709857395,0.5183955103284559,0.7199968821657882,0.023644003499328672,0.007199968821657882,0.0003219923944221217,0.10519787998440167,0.10551125531275643,0.5817202849497461,0.45510045146677647
1.34,0.10544088813919482,0.5330636704458434,0.730112094438822,0.024835296342922638,0.00730112094438822,0.0003265160548719904,0.10150116812845333,0.10168532569287905,0.5951833151316618,0.47099248502794877
1.3599999999999999,0.1041978309736792,0.539336986320857,0.7343956606086783,0.025403741413967323,0.007343956606086783,0.00032843172390037385,0.09794244662883189,0.09827677718375248,0.6022270719639563,0.4764778107487905
1.38,0.1035899977629577,0.5576698646212466,0.7467729672539349,0.0269220412768714,0.007467729672539349,0.0003339670237078046,0.09451710522932799,0.09487980757987452,0.6259040312966755,0.4893873620229509
1.4,0.10217949956782692,0.5587812427119575,0.7475167173461457,0.02750103202465572,0.0074751671734614574,0.0003342996388606956,0.09122065291229187,0.09150551234756933,0.6203189478069492,0.4970247695853919
1.42,0.09820512626435,0.5527612063703154,0.7434791230225065,0.027794089259407982,0.007434791230225065,0.0003324939717860507,0.08804871623616095,0.08819036454898774,0.6225135791178072,0.4827075183515709
1.44,0.09357291816713202,0.5718596526082982,0.7562140256622447,0.029454006847281677,0.007562140256622447,0.00033818919338390993,0.08499703764310407,0.08526350275542716,0.6518776055746002,0.49144550996622244
1.46,0.09169586040079002,0.5986643500664042,0.7737340305727829,0.031634201033152363,0.007737340305727829,0.0003460243777731286,0.08206147373927297,0.08233520095808884,0.6744713985976559,0.5225465502024765
1.48,0.08755765556207308,0.6402877392889439,0.8001798168467784,0.03472922182648498,0.008001798168467784,0.0003578512929385456,0.07923799355010086,0.07953722137701304,0.7009031078879915,0.5791786295485696
1.5,0.0847123994425181,0.6469863694053845,0.8043546291315693,0.03549067141006932,0.008043546291315694,0.0003597183257509643,0.07652267675305113,0.07675042925420447,0.7003417918935593,0.593236234108615
